{"cameraMode":{"drawMode":0,"name":"Shaded","section":"Shading Mode"},"sceneLighting":false,"audioPlay":false,"sceneViewState":{"showFog":true,"showMaterialUpdate":false,"showSkybox":false,"showFlares":true,"showImageEffects":true,"showParticleSystems":true},"in2DMode":false,"pivot":{"x":-16.014617919921876,"y":4.613972187042236,"z":-13.847606658935547},"rotation":{"x":0.09529679268598557,"y":-0.26465466618537905,"z":0.026234809309244157,"w":0.9593182802200317},"size":17.22987937927246,"orthographic":false}